date,count,uniques
2026-07-10,0,0
2026-07-11,0,0
2026-07-12,0,0
2026-07-13,0,0
2026-07-14,0,0
2026-07-15,0,0
2026-07-16,0,0
2026-07-17,0,0
2026-07-18,0,0
2026-07-19,0,0
2026-07-20,2,2
2026-07-21,0,0
2026-07-22,0,0
2026-07-23,0,0
2026-07-24,97,34
2026-07-25,3,3
2026-07-26,16,11
2026-07-27,14,9
2026-07-28,2,2
2026-07-29,3,3
2026-07-30,2,2
2026-07-31,5,4
2026-08-01,2,2
2026-08-02,2,2
2026-08-03,2,2
2026-08-04,2,2
2026-08-05,2,2
2026-08-06,2,2
2026-08-07,2,2
2026-08-08,3,3
2026-08-09,2,2
2026-08-10,8,5
2026-08-11,13,8
2026-08-12,10,6
2026-08-13,2,2
2026-08-14,7,4
2026-08-15,9,5
2026-08-16,2,2
2026-08-17,2,2
2026-08-18,8,5
2026-08-19,3,3
2026-08-20,2,2
2026-08-21,2,2
2026-08-22,3,3
2026-08-23,3,3
2026-08-24,2,2
2026-08-25,15,10
2026-08-26,8,7
2026-08-27,3,3
2026-08-28,2,2
2026-08-29,2,2
2026-08-30,2,2
2026-08-31,6,6
2026-09-01,4,4
2026-09-02,6,3
2026-09-03,2,2
